[
  {
    "id": "oj-c.ButtonsetMultiple",
    "name": "ButtonsetMultiple",
    "memberof": "oj-c",
    "kind": "class",
    "meta": {
      "filename": "buttonset-multiple.tsx",
      "path": "web/components/oj-c/buttonset-multiple"
    },
    "ojcomponent": true,
    "isvcomponent": true,
    "since": "17.0.0",
    "longname": "oj-c.ButtonsetMultiple",
    "pack": "oj-c",
    "classdesc": "<h3 id=\"ButtonsetMultipleOverview-section\">\n  JET Buttonset Multiple\n  <a class=\"bookmarkable-link\" title=\"Bookmarkable Link\" href=\"#buttonSetMultipleOverview-section\"></a>\n</h3>\n\n<p>Description: A Buttonset Multiple is a grouping of related buttons where any number of buttons may be selected.\n\n<pre class=\"prettyprint\"><code>&lt;oj-c-buttonset-multiple aria-label=\"Pick Items\" value=\"{{value}}\" items=\"[[items]]\">\n&lt;/oj-c-buttonset-multiple>\n</code></pre>\n\n<h3 id=\"toolbar-section\">\nToolbar Usage\n</h3>\n<p>Note that oj-c-buttonset-multiple is not intended for usage inside oj-toolbar, it is only\nsupported in oj-c-toolbar.</p>\n\n<h3 id=\"touch-section\">\n  Touch End User Information\n  <a class=\"bookmarkable-link\" title=\"Bookmarkable Link\" href=\"#touch-section\"></a>\n</h3>\n\n<table class=\"keyboard-table\">\n  <thead>\n    <tr>\n      <th>Target</th>\n      <th>Gesture</th>\n      <th>Action</th>\n    </tr>\n  </thead>\n  <tbody>\n    <tr>\n      <td>Push Toggle Button</td>\n      <td><kbd>Tap</kbd></td>\n      <td>Toggle the button.</td>\n    </tr>\n  </tbody>\n</table>\n\n<h3 id=\"keyboard-section\">\n  Keyboard End User Information\n  <a class=\"bookmarkable-link\" title=\"Bookmarkable Link\" href=\"#keyboard-section\"></a>\n</h3>\n\n<table class=\"keyboard-table\">\n  <thead>\n    <tr>\n      <th>Target</th>\n      <th>Key</th>\n      <th>Action</th>\n    </tr>\n  </thead>\n  <tbody>\n    <tr>\n      <td>Buttonset Multiple</td>\n      <td><kbd>Enter</kbd> or <kbd>Space</kbd></td>\n      <td>Toggle the focused Button.</td>\n    </tr>\n    <tr>\n      <td>Buttonset Multiple</td>\n      <td><kbd>Right Arrow</kbd></td>\n      <td>Move focus to the next enabled Button, wrapping as needed.</td>\n    </tr>\n    <tr>\n      <td>Buttonset Multiple</td>\n      <td><kbd>Left Arrow</kbd></td>\n      <td>Move focus to the previous enabled Button, wrapping as needed.</td>\n    </tr>\n  </tbody>\n</table>\n\n<h3 id=\"a11y-section\">\n  Accessibility\n  <a class=\"bookmarkable-link\" title=\"Bookmarkable Link\" href=\"#a11y-section\"></a>\n</h3>\n\n<p>The application is responsible for applying <code class=\"prettyprint\">aria-label</code> and/or\n<code class=\"prettyprint\">aria-controls</code> attributes like the following to the buttonset element, if applicable per the instructions that follow:\n\n<pre class=\"prettyprint\">\n<code>aria-label=\"Choose beverages.\"\naria-controls=\"myTextEditor\"\n</code></pre>\n\n<p>An <code class=\"prettyprint\">aria-label</code> conveying the \"choose multiple\" semantics should be included for a buttonset-multiple.\n\n<p>The <code class=\"prettyprint\">aria-controls</code> attribute should be included if the buttonset is controlling something else on the page, e.g.\nbold / italic / underline buttons controlling a rich text editor.  If the buttonset is contained in a toolbar, <code class=\"prettyprint\">aria-controls</code>\nshould be placed on the toolbar, not on the buttonsets within the toolbar.\n\n <p>\nDisabled content: JET supports an accessible luminosity contrast ratio,\nas specified in <a href=\"http://www.w3.org/TR/WCAG20/#visual-audio-contrast-contrast\">WCAG 2.0 - Section 1.4.3 \"Contrast\"</a>,\nin the themes that are accessible.  (See the \"Theming\" chapter of the JET Developer Guide for more information on which\nthemes are accessible.)  Note that Section 1.4.3 says that text or images of text that are part of an inactive user\ninterface component have no contrast requirement.  Because disabled content may not meet the minimum contrast ratio\nrequired of enabled content, it cannot be used to convey meaningful information.\n</p>",
    "scope": "static",
    "tagWithoutBrackets": "oj-c-buttonset-multiple",
    "tagWithBrackets": "<oj-c-buttonset-multiple>",
    "domInterface": "CButtonsetMultipleElement",
    "ojPageTitle": "&lt;oj-c-buttonset-multiple>",
    "camelCaseName": "ButtonsetMultiple",
    "ojPageTitlePrefix": "Element: ",
    "ojtsvcomponent": true,
    "tstype": {
      "target": "Type",
      "value": "interface CButtonsetMultipleElement extends JetElement<ButtonsetMultipleElementSettableProperties>"
    },
    "ojsignature": [
      {
        "target": "Type",
        "value": "interface CButtonsetMultipleElement extends JetElement<ButtonsetMultipleElementSettableProperties>"
      }
    ],
    "tsdeprecated": [
      {
        "type": "supersedes",
        "since": "17.0.0",
        "value": [
          "oj-buttonset-many"
        ]
      }
    ],
    "ojmodule": "buttonset-multiple"
  },
  {
    "id": "oj-c.ButtonsetMultiple#value",
    "name": "value",
    "memberof": "oj-c.ButtonsetMultiple",
    "meta": {
      "filename": "buttonset-multiple.tsx",
      "path": "web/components/oj-c/buttonset-multiple"
    },
    "kind": "member",
    "longname": "oj-c.ButtonsetMultiple#value",
    "scope": "instance",
    "type": {
      "names": [
        "Array<string>"
      ]
    },
    "optional": true,
    "ojwriteback": true,
    "description": "Specifies which toggle button is selected"
  },
  {
    "id": "oj-c.ButtonsetMultiple#items",
    "name": "items",
    "memberof": "oj-c.ButtonsetMultiple",
    "meta": {
      "filename": "buttonset-multiple.tsx",
      "path": "web/components/oj-c/buttonset-multiple"
    },
    "kind": "member",
    "longname": "oj-c.ButtonsetMultiple#items",
    "scope": "instance",
    "type": {
      "names": [
        "Array<object>"
      ]
    },
    "optional": true,
    "description": "Specifies the toggle buttons rendered by the buttonset.",
    "defaultvalue": "[]",
    "tstype": [
      {
        "target": "Type",
        "value": "Array<oj-c.ButtonsetMultiple.ToggleItem>",
        "jsdocOverride": true
      }
    ]
  },
  {
    "id": "oj-c.ButtonsetMultiple#display",
    "name": "display",
    "memberof": "oj-c.ButtonsetMultiple",
    "meta": {
      "filename": "buttonset-multiple.tsx",
      "path": "web/components/oj-c/buttonset-multiple"
    },
    "kind": "member",
    "longname": "oj-c.ButtonsetMultiple#display",
    "scope": "instance",
    "type": {
      "names": [
        "\"all\"",
        "\"label\"",
        "\"icons\""
      ]
    },
    "optional": true,
    "description": "Display just the label, the icons, or all.",
    "ojvalues": [
      {
        "name": "all",
        "description": "Display both the label and icons.",
        "displayName": "All",
        "type": {
          "names": [
            "string"
          ]
        }
      },
      {
        "name": "icons",
        "description": "Display only the icons.",
        "displayName": "Icons",
        "type": {
          "names": [
            "string"
          ]
        }
      },
      {
        "name": "label",
        "description": "Display only the text label.",
        "displayName": "label",
        "type": {
          "names": [
            "string"
          ]
        }
      }
    ],
    "defaultvalue": "\"all\""
  },
  {
    "id": "oj-c.ButtonsetMultiple#disabled",
    "name": "disabled",
    "memberof": "oj-c.ButtonsetMultiple",
    "meta": {
      "filename": "buttonset-multiple.tsx",
      "path": "web/components/oj-c/buttonset-multiple"
    },
    "kind": "member",
    "longname": "oj-c.ButtonsetMultiple#disabled",
    "scope": "instance",
    "type": {
      "names": [
        "boolean"
      ]
    },
    "optional": true,
    "description": "Specifies that the buttonset should be disabled.",
    "defaultvalue": false
  },
  {
    "id": "oj-c.ButtonsetMultiple#size",
    "name": "size",
    "memberof": "oj-c.ButtonsetMultiple",
    "meta": {
      "filename": "buttonset-multiple.tsx",
      "path": "web/components/oj-c/buttonset-multiple"
    },
    "kind": "member",
    "longname": "oj-c.ButtonsetMultiple#size",
    "scope": "instance",
    "type": {
      "names": [
        "\"sm\"",
        "\"md\"",
        "\"lg\""
      ]
    },
    "optional": true,
    "description": "Specifies the size of the toggle buttons",
    "ojvalues": [
      {
        "name": "sm",
        "description": "Display a small button.",
        "displayName": "Small",
        "type": {
          "names": [
            "string"
          ]
        }
      },
      {
        "name": "md",
        "description": "Display a default size button.",
        "displayName": "Medium",
        "type": {
          "names": [
            "string"
          ]
        }
      },
      {
        "name": "lg",
        "description": "Display a large button.",
        "displayName": "Large",
        "type": {
          "names": [
            "string"
          ]
        }
      }
    ],
    "defaultvalue": "\"md\""
  },
  {
    "id": "oj-c.ButtonsetMultiple#width",
    "name": "width",
    "memberof": "oj-c.ButtonsetMultiple",
    "meta": {
      "filename": "buttonset-multiple.tsx",
      "path": "web/components/oj-c/buttonset-multiple"
    },
    "kind": "member",
    "longname": "oj-c.ButtonsetMultiple#width",
    "scope": "instance",
    "type": {
      "names": [
        "number|string"
      ]
    },
    "optional": true,
    "description": "Specifies the buttonset width"
  },
  {
    "id": "oj-c.ButtonsetMultiple#maxWidth",
    "name": "maxWidth",
    "memberof": "oj-c.ButtonsetMultiple",
    "meta": {
      "filename": "buttonset-multiple.tsx",
      "path": "web/components/oj-c/buttonset-multiple"
    },
    "kind": "member",
    "longname": "oj-c.ButtonsetMultiple#maxWidth",
    "scope": "instance",
    "type": {
      "names": [
        "number|string"
      ]
    },
    "optional": true,
    "description": "Specifies the buttonset max width"
  },
  {
    "id": "oj-c.ButtonsetMultiple#chroming",
    "name": "chroming",
    "memberof": "oj-c.ButtonsetMultiple",
    "meta": {
      "filename": "buttonset-multiple.tsx",
      "path": "web/components/oj-c/buttonset-multiple"
    },
    "kind": "member",
    "longname": "oj-c.ButtonsetMultiple#chroming",
    "scope": "instance",
    "type": {
      "names": [
        "\"borderless\"",
        "\"outlined\""
      ]
    },
    "optional": true,
    "description": "Indicates in what states the button has chromings in background and border.",
    "ojvalues": [
      {
        "name": "borderless",
        "description": "Borderless buttons are a less prominent variation.",
        "displayName": "Borderless",
        "type": {
          "names": [
            "string"
          ]
        }
      },
      {
        "name": "outlined",
        "description": "Outlined buttons are a more prominent variation.",
        "displayName": "Outlined",
        "type": {
          "names": [
            "string"
          ]
        }
      }
    ],
    "defaultvalue": "\"outlined\""
  },
  {
    "id": "oj-c.ButtonsetMultiple#layoutWidth",
    "name": "layoutWidth",
    "memberof": "oj-c.ButtonsetMultiple",
    "meta": {
      "filename": "buttonset-multiple.tsx",
      "path": "web/components/oj-c/buttonset-multiple"
    },
    "kind": "member",
    "longname": "oj-c.ButtonsetMultiple#layoutWidth",
    "scope": "instance",
    "type": {
      "names": [
        "\"auto\"",
        "\"equal\""
      ]
    },
    "optional": true,
    "description": "Specifies if button width should be equal or based on contents."
  },
  {
    "id": "oj-c.ButtonsetMultiple#focus",
    "name": "focus",
    "memberof": "oj-c.ButtonsetMultiple",
    "meta": {
      "filename": "buttonset-multiple.tsx",
      "path": "web/components/oj-c/buttonset-multiple"
    },
    "kind": "function",
    "longname": "oj-c.ButtonsetMultiple#focus",
    "scope": "instance",
    "returns": [
      {
        "type": {
          "names": [
            "void"
          ]
        }
      }
    ],
    "description": ""
  },
  {
    "id": "oj-c.ButtonsetMultiple#blur",
    "name": "blur",
    "memberof": "oj-c.ButtonsetMultiple",
    "meta": {
      "filename": "buttonset-multiple.tsx",
      "path": "web/components/oj-c/buttonset-multiple"
    },
    "kind": "function",
    "longname": "oj-c.ButtonsetMultiple#blur",
    "scope": "instance",
    "returns": [
      {
        "type": {
          "names": [
            "void"
          ]
        }
      }
    ],
    "description": ""
  },
  {
    "id": "oj-c.ButtonsetMultiple#setProperty",
    "name": "setProperty",
    "memberof": "oj-c.ButtonsetMultiple",
    "meta": {
      "filename": "buttonset-multiple.tsx",
      "path": "web/components/oj-c/buttonset-multiple"
    },
    "kind": "function",
    "longname": "oj-c.ButtonsetMultiple#setProperty",
    "scope": "instance",
    "returns": [
      {
        "type": {
          "names": [
            "void"
          ]
        }
      }
    ],
    "description": "Sets a property or a single subproperty for complex properties and notifies the component of the change, triggering a corresponding event.",
    "params": [
      {
        "name": "property",
        "description": "The property name to set. Supports dot notation for subproperty access.",
        "type": {
          "names": [
            "string"
          ]
        }
      },
      {
        "name": "value",
        "description": "The new value to set the property to.",
        "type": {
          "names": [
            "any"
          ]
        }
      }
    ]
  },
  {
    "id": "oj-c.ButtonsetMultiple#getProperty",
    "name": "getProperty",
    "memberof": "oj-c.ButtonsetMultiple",
    "meta": {
      "filename": "buttonset-multiple.tsx",
      "path": "web/components/oj-c/buttonset-multiple"
    },
    "kind": "function",
    "longname": "oj-c.ButtonsetMultiple#getProperty",
    "scope": "instance",
    "returns": [
      {
        "type": {
          "names": [
            "any"
          ]
        }
      }
    ],
    "description": "Retrieves the value of a property or a subproperty.",
    "params": [
      {
        "name": "property",
        "description": "The property name to get. Supports dot notation for subproperty access.",
        "type": {
          "names": [
            "string"
          ]
        }
      }
    ]
  },
  {
    "id": "oj-c.ButtonsetMultiple#setProperties",
    "name": "setProperties",
    "memberof": "oj-c.ButtonsetMultiple",
    "meta": {
      "filename": "buttonset-multiple.tsx",
      "path": "web/components/oj-c/buttonset-multiple"
    },
    "kind": "function",
    "longname": "oj-c.ButtonsetMultiple#setProperties",
    "scope": "instance",
    "returns": [
      {
        "type": {
          "names": [
            "void"
          ]
        }
      }
    ],
    "description": "Performs a batch set of properties.",
    "params": [
      {
        "name": "properties",
        "description": "An object containing the property and value pairs to set.",
        "type": {
          "names": [
            "object"
          ]
        }
      }
    ]
  },
  {
    "id": "oj-c.ButtonsetMultiple.touchDoc",
    "name": "touchDoc",
    "kind": "member",
    "longname": "oj-c.ButtonsetMultiple.touchDoc",
    "description": "<table class=\"keyboard-table\">\n  <thead>\n    <tr>\n      <th>Target</th>\n      <th>Gesture</th>\n      <th>Action</th>\n    </tr>\n  </thead>\n  <tbody>\n    <tr>\n      <td>Push Toggle Button</td>\n      <td><kbd>Tap</kbd></td>\n      <td>Toggle the button.</td>\n    </tr>\n  </tbody>\n</table>",
    "memberof": "oj-c.ButtonsetMultiple",
    "meta": {
      "filename": "buttonset-multiple.tsx",
      "path": "web/components/oj-c/buttonset-multiple"
    },
    "ojfragment": true
  },
  {
    "id": "oj-c.ButtonsetMultiple.keyboardDoc",
    "name": "keyboardDoc",
    "kind": "member",
    "longname": "oj-c.ButtonsetMultiple.keyboardDoc",
    "description": "<table class=\"keyboard-table\">\n  <thead>\n    <tr>\n      <th>Target</th>\n      <th>Key</th>\n      <th>Action</th>\n    </tr>\n  </thead>\n  <tbody>\n    <tr>\n      <td>Buttonset Multiple</td>\n      <td><kbd>Enter</kbd> or <kbd>Space</kbd></td>\n      <td>Toggle the focused Button.</td>\n    </tr>\n    <tr>\n      <td>Buttonset Multiple</td>\n      <td><kbd>Right Arrow</kbd></td>\n      <td>Move focus to the next enabled Button, wrapping as needed.</td>\n    </tr>\n    <tr>\n      <td>Buttonset Multiple</td>\n      <td><kbd>Left Arrow</kbd></td>\n      <td>Move focus to the previous enabled Button, wrapping as needed.</td>\n    </tr>\n  </tbody>\n</table>",
    "memberof": "oj-c.ButtonsetMultiple",
    "meta": {
      "filename": "buttonset-multiple.tsx",
      "path": "web/components/oj-c/buttonset-multiple"
    },
    "ojfragment": true
  },
  {
    "id": "oj-c.ButtonsetMultiple.ToggleItem",
    "name": "ToggleItem",
    "kind": "typedef",
    "memberof": "oj-c.ButtonsetMultiple",
    "meta": {
      "filename": "buttonset-multiple.tsx",
      "path": "web/components/oj-c/buttonset-multiple"
    },
    "longname": "oj-c.ButtonsetMultiple.ToggleItem",
    "type": {
      "names": [
        "Object"
      ]
    },
    "scope": "static",
    "description": "",
    "properties": [
      {
        "name": "label",
        "description": "The toggle item label.",
        "optional": false,
        "type": {
          "names": [
            "string"
          ]
        }
      },
      {
        "name": "value",
        "description": "The toggle item value.",
        "optional": false,
        "type": {
          "names": [
            "string"
          ]
        }
      },
      {
        "name": "disabled",
        "description": "Specifies if the toggle item is disabled (enabled by default).",
        "optional": true,
        "type": {
          "names": [
            "boolean"
          ]
        }
      },
      {
        "name": "startIcon",
        "description": "Optional icon to render at the start of the toggle item.",
        "optional": true,
        "type": {
          "names": [
            "object"
          ]
        },
        "tstype": [
          {
            "target": "Type",
            "value": "{ type?: 'class'; class: string; }|{ type: 'img'; src: string; }",
            "jsdocOverride": true,
            "for": "startIcon"
          }
        ]
      },
      {
        "name": "endIcon",
        "description": "Optional icon to render at the end of the toggle item.",
        "optional": true,
        "type": {
          "names": [
            "object"
          ]
        },
        "tstype": [
          {
            "target": "Type",
            "value": "{ type?: 'class'; class: string; }|{ type: 'img'; src: string; }",
            "jsdocOverride": true,
            "for": "endIcon"
          }
        ]
      }
    ]
  }
]