{
  "name": "badge",
  "version": "19.0.0",
  "jetVersion": "^19.0.0",
  "pack": "oj-c",
  "type": "composite",
  "dependencyScope": "runtime",
  "license": "https://opensource.org/licenses/UPL",
  "implements": [
    "CBadgeElement"
  ],
  "displayName": "Badge",
  "description": "A badge is a label which holds a small amount of information.",
  "main": "oj-c/badge",
  "since": "19.0.0",
  "status": [
    {
      "type": "supersedes",
      "since": "19.0.0",
      "description": "Note: This component supersedes the following style class: <a href='stylingdocs/Badge.html#oj-badge'>oj-badge</a>."
    }
  ],
  "extension": {
    "catalog": {
      "category": "Controls"
    },
    "vbdt": {
      "module": "oj-c/badge"
    },
    "oracle": {
      "icon": "oj-ux-ico-badge",
      "uxSpecs": [
        "badge"
      ]
    },
    "webelement": {
      "package": "@oracle/oraclejet-core-pack",
      "version": "19.0.0",
      "docUrl": "https://www.oracle.com/webfolder/technetwork/jet/cpwdtsdoc/classes/BadgeWebElement.html",
      "export": "findBadge",
      "main": "@oracle/oraclejet-core-pack/webdriver"
    }
  },
  "propertyLayout": [
    {
      "propertyGroup": "common",
      "items": [
        "variant",
        "size",
        "edge",
        "label"
      ]
    }
  ],
  "properties": {
    "variant": {
      "type": "string",
      "description": "Sets the variant for the badge. Badge can be subtle or solid with different colors. The default value of this property is theme driven.",
      "displayName": "Variant",
      "help": "#variant",
      "enumValues": [
        "success",
        "danger",
        "info",
        "warning",
        "neutral",
        "neutralSubtle",
        "dangerSubtle",
        "successSubtle",
        "warningSubtle",
        "infoSubtle"
      ]
    },
    "size": {
      "type": "string",
      "description": "Specifies the size of the badge. Consists of two options: medium and small. The default value of this property is theme driven.",
      "displayName": "Size",
      "help": "#size",
      "enumValues": [
        "sm",
        "md"
      ]
    },
    "edge": {
      "type": "string",
      "description": "Specifies the edge of the badge. Badges can be attached to the end edge of another component. They lose their default corner rounding on right side for ltr direction or left side for rtl direction.",
      "displayName": "Edge",
      "help": "#edge",
      "enumValues": [
        "none",
        "end"
      ]
    },
    "label": {
      "type": "string",
      "description": "\"Specifies the text to be displayed in the badge.",
      "displayName": "Label",
      "help": "#label"
    }
  },
  "methods": {
    "setProperty": {
      "description": "Sets a property or a single subproperty for complex properties and notifies the component of the change, triggering a corresponding event.",
      "help": "#setProperty",
      "params": [
        {
          "name": "property",
          "description": "The property name to set. Supports dot notation for subproperty access.",
          "type": "string"
        },
        {
          "name": "value",
          "description": "The new value to set the property to.",
          "type": "any"
        }
      ],
      "return": "void"
    },
    "getProperty": {
      "description": "Retrieves the value of a property or a subproperty.",
      "help": "#getProperty",
      "params": [
        {
          "name": "property",
          "description": "The property name to get. Supports dot notation for subproperty access.",
          "type": "string"
        }
      ],
      "return": "any"
    },
    "setProperties": {
      "description": "Performs a batch set of properties.",
      "help": "#setProperties",
      "params": [
        {
          "name": "properties",
          "description": "An object containing the property and value pairs to set.",
          "type": "object"
        }
      ],
      "return": "void"
    }
  }
}